X1,X2,type
0.9762700785464951,1.8576054156231514,1
4.30378732744839,-9.798726086878133,0
2.055267521432878,-0.483476082855546,0
0.8976636599379368,4.175407818820974,1
-1.5269040132219054,-9.120491359518187,0
2.917882261333123,7.5904296604746015,1
-1.2482557747461502,0.4016283327134609,1
7.835460015641594,-9.386779033485642,0
9.273255210020587,-5.511727761583196,0
-2.3311696234844455,9.073513928546259,1
5.834500761653292,1.646394661041107,1
0.5778983950580887,-7.85054864462391,0
1.3608912218786458,-4.24910995438877,0
8.51193276585322,-0.8659274827903154,0
-8.579278836042262,-9.580998614645392,1
-8.257414005969185,-1.7676897277248234,1
-9.595632051193485,-0.21082729130603717,1
6.65239691095876,-5.126442494375356,0
5.563135018997009,1.7727800058397314,1
7.400242964936382,5.064802391843537,1
9.572366844655281,-5.28331551788729,0
5.983171284334471,2.4099980055997534,1
-0.7704127549413631,2.7924448592748323,1
5.610583525729108,8.97080602257682,1
-7.634511482621336,5.5655233459288755,1
2.798420426550477,6.966905395800119,1
-7.132934251819072,-0.1916018312744967,1
8.893378340991678,-6.293028260412344,0
0.43696643500143395,9.9163058591927,1
-1.7067612001895291,-7.412884779226008,0
-4.70888775790746,-0.5708536129146928,1
5.484673788684333,-8.638138015157867,0
-0.876993355669029,8.877017147016389,1
1.3686789773729693,9.298498816968792,1
-9.624203991272896,4.387781240079471,1
2.352709941517542,-3.0001431273966217,0
2.2419144544484286,-4.912351977647513,0
2.3386799374951384,-4.693933509259052,0
8.874961570292484,-7.454119491598505,0
3.636405982069668,0.5161790615344586,1
-2.80984198852428,-7.16365448597045,1
-1.259360924013171,-3.665386668930875,1
3.9526239185452976,2.5341295191820983,1
-8.795490567414603,4.550872191814996,1
3.335334308913353,-9.514545907558777,0
3.412757392363188,-1.3976803124652015,0
-5.792348778523182,3.0424918968427797,1
-7.421474046902934,7.064919523170257,1
-3.691432981516323,-0.4935043557583523,1
-2.725784581147548,9.384117434353705,1
1.4039354083575937,-4.687349049171054,0
-1.2279697307535926,-9.729825867465623,0
9.767476761184525,-0.3249427059652774,0
-7.959103785039439,-4.877724099599641,1
-5.822464878103306,6.474353440463389,1
-6.773809642300074,-5.344546556377758,1
3.0621665093079677,-3.7874156341738736,0
-4.934167949204358,5.824548620382245,1
-0.6737845428738751,4.3028650405072,1
-5.111488159967945,1.1610247331452506,1
-6.820608327089605,4.098961238455189,1
-7.792497176713898,-1.6272627285994705,1
3.1265917893054684,-9.893799047706644,0
-7.236340973027724,-9.77289742975615,1
-6.06835276639893,0.22443575147373274,1
-2.6254965867807183,-8.334180405620016,1
6.419864596958703,-8.978490396614864,0
-8.057974484138775,9.310332782749466,1
6.758898149976076,7.18005279316117,1
-8.078031842120739,-6.95945545580861,1
9.529189300267916,-9.98671562819591,0
-0.6269759670459685,8.833355907795127,1
9.535221763806742,-4.4334940335977135,0
2.0969103949009202,-6.28204794289005,0
4.785271587966033,3.8301621566307062,1
-9.216244154913586,-7.821925223173476,1
-4.343860748471808,-4.707008039943994,1
-7.596068775736622,9.50189360424093,1
-4.077196049557101,2.7892554894802046,1
-7.625445620915119,0.4135558296510702,1
-3.6403364121204795,-2.041627703301245,1
-1.7147401097066002,5.490019097684041,1
-8.717050073024312,-7.180850469526126,1
3.849442387400398,9.346756040739642,1
1.3320290841315021,7.222460161315734,1
-4.692210181211092,2.353139651384865,1
0.4649610693339934,-9.141876191948837,0
-8.121189784831166,4.017112988954754,1
1.5189299111235854,8.265686817709618,1
8.585923951524283,0.49154134957252005,0
-3.628620950973527,-2.9155035634547444,1
3.3482075992736338,-7.5944531004106075,0
-7.364042751912157,5.098022082751365,1
4.32654408237131,7.700437024236123,1
-4.211878141055978,-7.994965118483028,1
-6.336172759857663,5.179691095046838,1
1.7302586962016626,-9.658790274818049,0
-9.597849076250128,9.34109836154439,1
6.578800584347263,2.3011604127019236,1
-9.906090476149059,1.0487811798326625,1
3.556330735924602,-4.081003328221444,0
-4.599840536156703,8.58583343139567,1
4.703880442451897,-4.68188745326418,0
9.243770902348764,6.562932264333899,0
-5.02493712960084,9.702173586742639,1
1.5231466883567375,5.667932910296116,1
1.8408386254367812,0.3797984077286358,0
1.4450381158174679,-8.678514722966561,0
-5.538367347187634,-0.5517242165785401,1
9.054980230339702,-1.2348810605659288,0
-1.0574924276474533,-5.944079176260095,0
6.928173449422555,-1.5282472657139117,0
3.9895855063500854,-2.8448423183932263,0
-4.051260982897327,-6.726314776967031,1
6.275956394049544,-1.1725171333502775,1
-2.0698851830603076,-4.744000873510219,1
7.622063942223232,0.4412484136452868,0
1.6254574527171748,-9.296798805676117,0
7.634707237097057,8.124628395745685,1
3.850631801555318,6.327286110397122,1
4.50508559639281,1.0516266502100908,1
0.026487638534044677,7.036171655144862,1
9.121672694464479,9.247901476216008,0
2.8798039845927477,-7.789554118946789,0
-1.522899028836406,2.6166361681960755,1
2.1278642825584875,9.959880018713172,1
-9.61613603381333,9.757783386670521,1
-3.9685036665090134,2.066459845814892,1
3.2034707498537003,-7.439582590983667,0
-4.198447855791119,1.6638566198105647,1
2.360308579976831,-9.958707288511565,0
-1.4246259810846773,-6.021773306662808,0
-7.290518715550995,9.122463191199198,1
-4.034353480879385,-3.3911885479431225,1
1.399298214025297,2.76780211553897,1
1.8174552249634637,-4.382810107355146,0
1.4865049769915757,8.956437742231792,1
3.064016397142673,4.571174598989735,1
3.0420654000337777,-3.406976848371748,0
-1.3716312913205204,5.835228423607417,1
7.930931917021262,-7.8366895104732475,0
-2.648762599042069,-2.1536211986908116,1
-1.2827014946874638,-5.575637445368153,0
7.838467100313441,3.674528945520926,1
6.123879780921715,-7.951074364561393,0
4.077771670807326,-2.0594833543465185,0
-7.995462253753978,-4.467005395816209,1
8.389652274893471,0.1268583864760835,0
4.2848259909822275,-3.0020463899224215,0
9.976940131357331,4.12821155334022,0
-7.011033906840125,-9.508459513860679,1
7.3625211473642835,2.679738426118149,1
-6.7501413064725035,-5.3885742061236,1
2.311191285676884,-4.625819424863014,0
-7.52360034301117,6.005112071670471,1
6.960164586444687,9.111367879608416,1
6.146379174500215,-3.6689957994582674,0
1.3820147722918659,6.536105407381513,1
-1.8563340554800067,-7.920183240575338,0
-8.61666009089724,2.6796330601476637,1
3.9485754628912737,5.020645990698377,1
-0.9291463464386229,-6.88044143931087,0
4.441111989406959,-1.4799522466087893,1
7.327646518572585,7.8541432849796315,1
9.510430100057718,-7.928430731032556,0
7.11606684785222,-9.638072835970497,0
-9.76571831629996,1.8117075809586751,1
-2.800438710432722,-1.2893691893813308,1
4.59981124848116,5.973784977678054,1
-6.56740645477119,8.469110764082131,1
0.4207321240825852,-4.016927109123678,0
-8.913240233214928,-2.2319176566178944,1
-6.000069502071998,-0.2745582734137031,1
-9.62956411078772,1.7630292087059871,1
5.8739540671484125,9.677076593632336,1
-5.521506238792398,3.94660501660103,1
-3.0929663860619456,-2.2090298530886248,1
8.561625869311818,-4.724646270990758,0
4.088288038470655,8.89251436844248,1
-9.363221409373843,-7.289031337829872,1
-6.706116870041745,4.40531705009516,1
2.42956802999527,8.507900505848813,1
1.5445717720833514,3.2933117306887727,1
-5.2421435725098275,-1.538911196677578,1
8.684279958495875,-6.02018120149032,0
2.27931911931792,-2.6504935549614554,0
0.7126560604991656,4.137436188402441,1
1.7981995270914197,2.9906844835059374,1
4.602440590335393,8.559523331967156,1
-3.761100090407963,7.337218273187499,1
-2.035578755678163,6.323015045327367,1
-5.803125020497557,8.229017507015246,1
-6.276139882393277,-4.473256945259012,1
8.887447799678672,-2.60952919720701,0
4.791015900985752,-2.402121924279652,0
-0.1908238276486589,1.2090117741956057,1
-5.451707440533536,3.36436459085542,1
-4.912870364592141,-4.265666339192114,1
-8.839416793522489,-9.610750653813993,1
-1.3116674888375854,-2.0155523268418136,1
-3.764082360117948,-3.82944080891199,1
3.9268697763091893,8.843694380360958,1
-2.4449632141503823,7.76530081088087,1
-6.407926448807304,7.206213566868392,1
-9.506425432173376,3.059995218904861,1
-8.655007370735028,-3.1142167060212227,1
3.5878554699713465,0.9769853479860942,1
-0.9260631088790934,6.304500814327454,1
0.731584222174444,-8.027792625543778,0
7.933425860806842,6.021497605106095,1
9.806778947934088,-9.176404173437566,0
-5.662060312030521,6.328420624287116,1
3.261564062002016,6.1512760831974695,1
-4.733552465256987,-8.979853823424884,1
-9.586980010685426,2.543214229237165,1
5.167573076722828,0.049061486257944154,1
-3.599656983550643,-6.603609936565706,1
-2.3307221165620406,-7.032421246452487,1
1.766342271072114,5.465182521340463,1
6.620969104723809,1.3538549767368817,1
2.5796368718229736,9.659982698330648,1
7.453013108947907,9.644955545766884,1
-4.529159303687285,9.853339869285328,1
5.960936678251274,-7.627689632684682,0
-6.287281113880956,8.765122739279246,1
9.055833139438892,-5.1086078195887445,0
3.7497655277563062,-0.8357548048277597,1
-5.689846457728831,5.148131116434518,1
8.947411809778487,-5.9275813584553605,0
4.6171161354031565,1.3262321110865987,1
-4.921167148099483,-6.283665035480086,1
-5.73376045265036,-7.905277866374134,1
0.36401427861326496,-7.668827751408029,0
-9.486745638909369,-2.847219303035624,1
-5.850598491177812,-9.90690326325633,1
-1.5062906249698749,-1.5029215759662087,1
-2.516600393315489,3.28394210162298,1
-0.728491512703787,-1.9662362999202259,1
-4.447425874105361,-8.284107989603298,1
1.735686929163375,-8.746222759527189,0
7.277112118464629,-4.437669744702766,0
-7.649362880759338,-6.613746189127985,1
0.34758214308228297,9.301899464359387,1
-7.358637873096933,-6.9753955005182995,1
4.337193623851874,6.10924874809993,1
-2.0788059438541246,1.7221588348228956,1
1.3084262371701794,1.3857383996858879,1
-6.334403275718428,0.24161431847569048,1
-7.103044813132455,9.43526152227902,1
-0.23887438702090869,-2.7231044981672436,0
-2.8877452430008876,5.758315019077525,1
8.80863890505626,1.1058821493391928,0
5.306505076139306,-2.087326647485477,1
4.9732723970109465,9.10931866611562,1
8.074394794918668,1.9663193872937423,0
-8.331551291159629,-7.621661157079728,1
1.0438493984481312,-1.649215980062868,0
1.6895213791153765,5.631634553632152,1
9.23872757094458,3.8749404647842756,0
-4.157049464149023,8.326806596731483,1
-5.183424401691063,-4.812452317169596,1
-7.994121154690044,5.163874327076476,1
-9.671407408170516,-0.8024958521095815,1
8.59058633584381,1.4721949393363083,0
3.398330931818201,9.100933620125659,1
5.703058240462756,9.585726399783546,1
-4.365397884921018,7.231819278511271,1
1.7282033237265342,-2.8180582453940755,0
-8.720894677580377,7.754016714546395,1
-0.2874480813075415,2.7721835528282597,1
9.549902794888936,-1.4000643905857384,0
7.530104906331815,-9.285146349990326,0
-3.236820963263087,5.402562483831643,1
9.231403090829971,0.04211161448226086,0
-5.36596747057591,5.723769989301214,1
8.986376448313628,4.960455986865398,0
8.827554094129972,5.8713473609670395,0
5.984051747047834,-3.986976826064663,0
2.608958737335822,6.015971981352621,1
7.48575933249894,0.9769265693233464,1
-4.139594309844066,-0.533475991017136,1
6.978871106258364,3.502518276415138,1
2.357533838350477,-9.572826341233034,0
-9.73526284482201,-7.9536636822481155,1
-3.055329641355609,-4.156452696649559,1
-7.0371827810367,9.659802199156793,1
9.636587796365063,-7.2050844227009,0
-0.43259385920023874,-3.3880739848157937,0
-0.05217269002674563,-8.978938706161529,0
2.789450327974471,-3.374622394145474,0
-2.62830787740765,-3.5934742697833677,1
-7.261994566288021,8.936143418890442,1
6.44235466388491,6.9030817399144055,1
-6.20304176194484,-2.3447156151445707,1
0.22637965092912005,-9.504618839215027,0
-5.513659420505215,6.620622279907565,1
-8.043110310119319,3.210723542890804,1
7.243830348433665,-6.952710326973806,0
9.458389780462607,9.921425420203743,0
9.216693161260004,-7.995331251517539,0
8.131109984423578,7.342290831873257,1
5.480946653972776,-4.114676717406221,0
-3.3370969594271616,-1.2929306734968584,1
-8.377972200240064,5.909130535526293,1
-1.8551765717238524,3.5501671198802054,1
-5.355317156581146,8.757287488880785,1
-7.350247304840341,2.422806509207664,1
-8.931456364263495,-8.043796770418945,1
4.511887284211575,7.687207264839007,1
-9.771450827499379,5.383110499771821,1
5.411614970055524,4.23740901786644,1
-7.0610670919924985,-8.925329052925292,1
-8.409558348264884,-2.0755451067651194,1
-8.207939315227893,-6.651283610809216,1
3.440956147078289,6.438078168157379,1
-5.092655802943105,4.010572456357256,1
-1.5892106663980314,7.661551946382705,1
1.1473758264783385,9.33150213848328,1
7.211023476575875,5.4949522838499725,1
4.540885254226566,9.88466166441524,1
-4.593441895225707,2.2953977228859763,1
-7.370344014177448,-9.257407922171044,1
-8.89251359157604,-9.714969696994082,1
-3.9680273103811503,-3.1579224959242254,1
-4.757637015206435,6.4694343813507444,1
-0.8771886639904061,7.322694126494621,1
3.6656267109536085,9.216250576453557,1
3.9125089127771435,-8.697570629023632,0
-4.329623068356668,-9.10857778024672,1
-2.40146088199759,8.265671927340673,1
-6.376980765261939,-3.899066032742768,1
5.770910246130374,1.1597480121926544,1
-8.863038471335194,9.648897660014196,1
3.9399448344997463,-1.9910293052815327,0
5.5739079188220675,3.3174279661967976,1
5.5481512369750625,-1.9824087273602942,1
-4.811548713092901,5.363893289255595,1
-2.523737241348771,0.5542945114573161,1
1.7519927039277796,-5.249537240273005,0
-4.543561951510659,-4.573877974830676,1
-2.5829440156422256,-4.8388157492318555,1
-6.058914396287207,0.6464065651712154,1
-0.8028823248798531,4.0637803203132865,1
-9.107753974917719,8.985598000862844,1
5.995917691412361,3.881747501659598,1
-8.460871060267346,5.623856879247812,1
0.3767029766305203,-6.621477682708687,0
-3.8637980090960777,-2.518747499853486,1
1.5508589766275094,-1.7243956028346794,0
9.188666816668501,3.7276046000094603,0
2.911404889120078,-4.082160472462528,0
-9.292751284890182,-3.934161571606678,1
-1.3919512098387763,-2.882216907182638,1
0.2003370463650036,6.206041630864647,1
0.7235498940690395,1.5518018008669738,1
3.6278502120767584,-8.49445440334531,0
-4.448078045364678,-8.435078006190624,1
-7.422788690673596,-2.574261114350014,1
-2.1464864690581127,5.331821012123166,1
9.128114455918976,3.7736685295736105,0
-6.257382164983105,4.159647093023732,1
8.079679098564739,5.344201321081938,1
0.8761190015465274,-4.2569457422734125,0
-0.8617715670846842,0.9651256388417586,1
7.640828204597792,0.8670528063353906,0
-0.8279207646282831,4.792650023598986,1
4.483352732230866,9.137411382112926,1
-2.0194935659379603,-4.440201104090682,1
8.080887858019153,5.865633455140964,1
3.8005004038245467,3.199410970465248,1
3.9924410850103342,1.6047574172692016,1
-3.445591968857622,5.497595586948039,1
5.135572854737784,8.880649328561987,1
2.721221108942826,-9.26617164261174,0
-5.1995945324058095,-7.051997949735586,1
-6.789223550294872,5.125744630022314,1
5.927829490346635,-8.32417294179831,0
9.183332060704451,0.3224740148218608,0
-0.837223454799144,-5.602784467167861,0
1.8196833064736992,-4.51408592314497,0
7.154452883871091,4.036809658888325,1
-0.8555309329228589,-9.396144534625767,0
9.037489536654725,7.466388558038073,0
1.5150232408974489,-1.1104208929546004,0
6.4153424140262985,0.047865878142021145,1
8.176874368254769,0.800959273873838,0
6.310476375371376,2.910885891589878,1
-6.811710731020881,-3.1028682675450376,1
2.5779687812340075,-7.977850188730173,0
-2.031314827606458,-3.6324212666764684,1
-8.745740959533086,-6.637157639543593,1
-1.5193549622031615,1.1226635890094787,1
-4.826318662211846,-3.63942738079227,1
6.9807661685702165,9.161343559868698,1
-9.333907469066077,9.314685559605614,1
9.17965443726947,2.4025176113648286,0
-2.892623030561408,2.349945353345719,1
-2.8658621919491427,9.70757129134212,1
-9.673429946325843,7.74566302470372,1
-6.295353495276322,5.3013989831628,1
-1.974809983927825,-3.728187765145976,1
8.585828346054278,-2.6892194376384726,0
-8.007701395574573,-5.974664684782692,1
8.90603066958159,-0.25703746165250685,0
7.3897706109326435,9.80737044279159,1
-0.916752061848964,8.243019060231774,1
-3.465982364634799,-7.633011319610619,1
-5.345117414418863,-9.496194214189877,1
2.2892941295374865,7.972753368165325,1
-9.338508170489888,0.7434025589741484,1
-9.687878711063435,-5.996202235830877,1
-1.4240855500352438,3.473065391692707,1
-8.638518520505595,2.8844635585963996,1
-4.961180235078142,-7.558287863270657,1
-5.576781693078323,-4.80799533004761,1
-4.9361761255429615,-8.798440713734841,1
-7.378895375694845,-5.802790522597161,1
-9.759275542046915,-7.353886502938742,1
-7.690314057225038,-6.135274150508878,1
2.3696051902549584,3.7093429182623403,1
9.485124256361004,-9.010005114778645,0
9.806900031217879,-7.96290769503567,0
-1.8189180925387678,-7.316527238434247,1
-6.740911479067893,-3.669177580837319,1
2.7752351473305854,-4.0249937829611815,0
-0.1938930690252576,-4.898724293667211,0
9.78819554568863,5.0107330686483245,0
-8.693915856964395,9.960455755162013,1
5.664688766276262,0.6795584725759163,1
-4.232030053370122,8.884054358278842,1
-5.17162759846852,-2.067797757478706,1
3.2500914306535194,-7.866351063945731,0
-5.078736300180711,-1.8245234106032537,1
3.317182351183753,-4.077444531706133,0
0.34617034404577574,-0.1318607542164365,0
-1.5182202312830135,3.1408735383284636,1
1.09375617322838,-0.7789956169518355,0
-4.258969601607405,8.703210241556512,1
4.131494125459579,7.695296445987598,1
-1.702862613328719,4.039551903323943,1
-2.789088790282155,-0.20630175270901674,1
6.573138291114756,-7.366254363710862,0
8.499338239063842,-2.059726664447332,0
-9.079853782254062,4.088030788023474,1
-5.34746014340469,-4.302289588925376,1
-3.0296126101487353,-7.920238449131592,1
6.299329587404948,8.157969150212562,1
9.70982855286595,4.1810161963108925,0
9.379434093407035,2.3055285327019437,0
8.098966910998538,5.849978112178331,1
-4.068874698719402,6.712920751669515,1
9.840224868289482,-0.3308200365795333,0
-5.011599178870975,7.623765028188799,1
-7.881876902355356,8.328380214022108,1
9.01905222110788,-4.568978091504372,0
-5.331594890638074,2.1509071958158863,1
3.795365301555009,0.5316805764093839,1
-8.832872820388227,0.7589155830380498,1
4.614181982549523,8.75326187929124,1
7.6344042466767945,-3.8962259461394204,0
-4.5512620906807495,9.668679564691523,1
-2.418862078451429,8.042624296084643,1
-2.514076333581679,-0.8255422277299473,1
4.975765150802662,6.3490652723633225,1
-5.243855149219224,5.38093988640281,1
-6.56293801904714,3.557899392370425,1
-1.0141670262452394,-3.6033222123369146,0
-3.9106318524536103,-6.070980163580922,1
6.783782445173049,3.4305539353151637,1
-5.245163479687225,6.8594659280216845,1
0.04778914978522941,-9.674944226452606,0
8.851671993958607,2.856067506170241,0
2.6799539548932145,-1.1425395075557514,0
7.345788109249295,7.961755102539673,1
8.804193787095347,-3.570541382915895,0
5.015297237727038,-0.5163037547275646,1
3.9915012044950267,0.29534208070372614,1
9.359311332084541,-7.1912095725789404,0
9.888015792953588,4.2578460539781275,0
-0.9635663466048072,6.609526902419191,1
-8.582604436315833,-8.841814462074796,1
-4.144119371189623,-4.172223589261945,1
-6.952905886245391,-9.239106369298842,1
-1.650272504079764,9.130882093764846,1
-7.37421343053488,3.34337641407647,1
2.0823560804176395,9.284008389095632,1
-2.3438388168429185,0.6298855666261556,1
7.907717685764201,6.041370477912277,1
9.355893435970039,-2.5117203224052,0
0.9376980333884433,-2.9236193485471818,0
-4.503528602648068,-2.4346436578973467,1
1.844608375236735,3.1572426745285647,1
7.935223164488196,-2.8109369795669554,0
-1.8653330832850337,8.007349032084512,1
1.0415655338394174,9.665497301003107,1
-4.566944647877083,-9.391469693259882,1
-0.8911170109994604,-6.127534191950071,0
-1.965729292408028,-7.755000148252281,1
-5.03173069834058,-9.152719058171135,1
0.11732767650616793,-5.44518013305427,0
-3.792383480403771,-1.0641335926183775,1
-2.5393027223850506,6.739807305773674,1
0.49940884508528427,-5.563519389800078,0
5.011900458579749,-0.12109488675597468,1
-3.3298506841744935,8.59237478893509,1
8.483175332415271,3.3442941357334988,0
7.246370936718048,5.961580395119949,1
-9.026194080489429,1.0198794037097247,1
-4.927149514863545,9.6093291768126,1
-1.0772897468159606,1.7732430936294836,1
-7.907442225150518,-9.08978572074817,1
-3.030480219330059,-6.040344001204103,1
4.801950512353649,-1.9045274208570397,1
3.6102896228565164,2.025543451475526,1
2.4476885713200964,5.438617348179198,1
4.210568054446913,-1.7382774819222746,1
-5.901526260805965,4.201166100313774,1
-3.166037702705358,5.797390062182499,1
3.5248496455492564,-3.654796055000345,0
7.5846952606265425,9.585404800716372,1
0.873561076561904,2.993129904716712,1
-4.346006981089268,7.6199612157226255,1
-9.395294839880348,1.1187537761721345,1
4.206736579484268,4.832062143046475,1
-9.842317929831193,5.410881232327307,1
-2.54641860358009,8.164967584691581,1
0.6107442912556351,-6.993004862572594,0
8.44222923534386,1.1656684833849695,0
-8.210109099341999,-1.4324297378828739,1
-1.881153560634326,8.463180423474807,1
-9.513736005796844,-7.898106115020016,1
-3.1477803131681936,9.651477773618254,1
2.4446211767958985,7.509026481865927,1
-4.418641035428033,-8.523474368715029,1
-5.805001006887299,-0.18067228919051104,1
-7.6859353334581275,4.351190004250519,1
1.5428048804068357,4.7630309138211295,1
3.90540011809372,8.129882504758417,1
3.4391428119164473,5.99730871164622,1
8.977220414410148,-3.7813923931182103,0
-9.945935722129946,-0.031304282750951984,1
2.94393307788072,4.035715258717081,1
2.007844741952791,-7.231263172712971,0
1.7747921994057627,-6.120184047996053,0
9.255406396804847,-0.3791510378025471,0
-9.662566532599206,-4.035084025889746,1
3.929648614029002,7.2511849956819,1
6.27357299403727,1.7255464304123596,1
0.19614393243168315,-3.0266960456326464,0
-3.320702608063817,6.976660512088202,1
5.816803264548099,6.097568971084776,1
-8.055141487351507,9.967097541985389,1
-1.1592872454014937,6.946153766674698,1
0.39904749141676454,-1.7108693038864065,0
3.8791282186909513,-7.450022364600231,0
-8.18228535935181,6.812818164009556,1
-5.444809969242781,-8.80484164079212,1
-1.7939687461974874,-2.9945758531029165,1
2.4658934604026133,8.394759615425475,1
7.7392156243483505,9.215329468902013,1
2.3765233648275306,2.811291870424368,1
-7.330770581301311,3.772966339674271,1
9.61160265574565,-9.15091022548955,0
7.4357146951098585,0.289606821790958,0
0.054415222906481375,0.937363576126824,1
8.44695963593266,-3.197985077517778,0
0.8276158751427154,-8.628063304922314,0
8.466121357783262,-5.421848005512119,0
6.597947372066862,-2.840321262776073,0
9.365728205885947,-1.297160269673407,0
8.395656215563168,1.818534510671384,0
-9.27932365142861,4.447830373964727,1
-6.504559916781201,-3.6473625345210774,1
-2.217306457976285,-3.4209248016203375,1
9.042853945908416,-9.606167145525927,0
-3.9994216104814084,-9.182502798119634,1
-6.790647122247979,-4.843566113829272,1
7.726093321731199,4.804899953499133,1
-1.072111690335941,2.566276607478244,1
8.157511887086521,5.395780413556695,1
-6.795390673597135,5.378388724296435,1
3.2223502301619895,7.131349353386025,1
-1.1947249434101632,4.406385319737671,1
-8.470264619394293,9.580218380016458,1
3.929262893050012,7.976504386036346,1
-5.052024889216926,1.7343433244646853,1
-9.207689548409645,1.7631534098234347,1
-8.801114035008535,-9.31465919295541,1
-8.778429258664254,9.970531554167085,1
8.154659149700791,-7.368480052677164,0
4.79767835658202,4.806943932631839,1
7.961247144274701,6.420303902486179,1
3.4516462259304266,-2.5389094138959356,0
0.5787985806176632,-6.062958906693725,0
-3.9110727130524348,-8.0248022641889,1
9.95924502657347,4.972120116591556,0
-2.7562188212122134,-0.9469294158860855,1
-0.5870210157218096,4.274355180022713,1
-2.435096501530765,8.308152977036013,1
9.590538586709172,-7.068325276978866,0
-6.506832292099885,8.383420014475995,1
-3.440239981838406,-1.7674708098312664,1
3.606973320300032,-3.8946598020542194,0
-8.735847633227387,8.861245212055582,1
2.144987480230821,9.813033852127987,1
-0.4470699424716784,-6.022155644651037,0
-4.320000464757978,3.1367669390396653,1
-5.23173438151884,-7.870093724578792,1
0.2902548659751343,3.0182800771501146,1
-2.641448389259173,6.546264555516995,1
-0.8696021747468929,3.6899709304813513,1
-3.2504523647152013,-1.6533371587480854,1
9.409873871919551,-2.338672808724609,0
-7.33121136508792,-2.137551695531659,1
-8.063920936432517,1.7942363598584627,1
-3.1321654241816788,7.631345401449913,1
1.8205380174098256,8.581323145375357,1
3.1835294370005656,-8.929407595853638,0
-2.0548650566391586,-6.367552107086234,1
9.985559878443421,-7.75551368343423,0
-2.962140076139148,-6.133307184661721,1
4.428133359199048,-3.067843787816564,0
2.7516538906158576,0.13063365245247738,1
6.261077264949215,2.589224540183043,1
9.524513269076401,4.64284438279403,0
7.795873128910806,7.802230827716141,1
5.291239487154172,9.781768744595816,1
3.964969556365812,3.2571295711423964,1
-3.2900366064820075,6.907290373355259,1
-7.046288435865852,5.560776938493978,1
-8.747279938803805,-3.8493592156257606,1
-5.1619659159703035,7.513845404698461,1
-1.3543703763740282,-9.144737241044023,0
0.43992547259964887,-9.992653124970843,0
5.461671081097432,-4.525347412230715,0
9.17481846113186,-0.7580494074510025,0
-7.65359039230378,2.767257900013547,1
-7.859917196124169,-7.964594669109104,1
1.7938944602710158,3.460202676696799,1
4.907961478945859,6.0363173411938895,1
6.963007606939698,-6.293741608412664,0
8.71664160433577,-1.6974949033641238,0
9.66852484521284,0.39969979906619457,0
-2.0039661555094828,-0.963859638310387,1
-2.393296329448537,5.996598617769413,1
-7.043826466054552,9.210447962386617,1
3.698688773671188,5.979063280163599,1
3.1352391688167423,-8.440143642483509,0
7.241251917024144,6.098711443182545,1
-8.054840104247187,-8.668073355288977,1
-0.0444618434931634,-5.2805922951686,0
1.6216385934412614,-6.938062063285544,0
-5.168859199201632,-6.049617863078291,1
-6.619491877416774,0.566302541147012,1
7.191616728392429,3.433797152217073,1
-8.829301555288824,-0.5935743532791804,1
-0.5875819216385416,9.19391278058487,1
-7.683319973982295,-5.194153599396667,1
-0.8588247733726533,5.262804605095859,1
9.599246526846187,7.403643570142972,0
-1.525872930890543,1.2413222150943817,1
7.142498350091348,-0.8755499607689377,0
-7.653688716336122,1.9236889355848739,1
-4.574958464762718,-1.4238045967931416,1
-1.924145186653309,1.1038776464673887,1
-2.0037571998133856,-1.6613209574239676,1
3.4276695734030618,-1.9906057941173199,0
-3.1056374524898462,3.9069293627905957,1
4.2753373682003275,-8.14297573864064,0
2.78373798450785,-6.669158545423583,0
-2.0167770949045387,7.023969434300078,1
-1.3647974469136148,5.421546936303761,1
2.2905539962064143,-4.3709254541121245,0
-8.599156197107106,-2.454621346684796,1
6.448134767113807,8.520530132569611,1
3.068423222272738,6.361544503477226,1
4.526849288356704,2.2869259995926168,1
0.7384600216478088,-5.570196423940845,0
-7.790457780165106,-9.114960573694608,1
-1.8992877340610015,-1.3748430631620359,1
-1.8925283430288786,3.4525427851492374,1
-3.5791401991356615,6.569609810357029,1
-9.400993501905013,7.053780114845388,1
4.745084851929546,-9.344481974132732,0
-7.804310838749986,-5.116859323262412,1
2.126162660901702,-3.2181082304519393,0
4.064349929344315,-6.225355780812283,0
2.695726458673896,6.059507567276757,1
9.1828450395595,5.34931526169885,0
-7.934036898297228,0.3366608076194151,1
7.3433431821039825,9.65852955991711,1
-9.416195303021734,-7.118829178183155,1
0.6983370985416784,7.993034066553378,1
-1.9151276412148235,-7.670734916761677,1
0.48367720787516433,-6.736365889717586,0
-2.698002458799804,3.924384005012376,1
-6.1886617011986385,-7.808606159166214,1
-9.617542051026204,1.3169019083742164,1
0.3629962758234857,-1.5953292705469284,0
6.855537253696845,4.569479310820297,1
-2.5356808851041173,8.013504776177303,1
-5.542723639700395,5.397430293381106,1
-8.389359930563119,6.993797528423766,1
-8.293781537625932,-9.341091029375352,1
-5.572071074144556,-3.796090035115938,1
-7.999718781568896,0.3086617337266482,1
-4.699206032710359,-1.6809337074044102,1
-8.677010757660906,-5.374900940406231,1
-8.687902655801487,-3.8425180407995345,1
7.1255235924556395,8.908619407832113,1
-6.757594785823335,-4.1163824025729685,1
1.1936481164689603,-2.9219177964042853,0
5.469110888980611,-9.925804524999627,0
-0.8718086932186679,6.9015525455574895,1
-6.932622442813086,-6.903185931968467,1
-6.008077157597713,-5.9171144897254795,1
-1.340315874376385,-4.894709658159488,0
0.5646817835707161,7.6924411368968535,1
-3.0111941590293023,-5.870971775073706,1
5.629592004693226,5.950527217358799,1
5.020432977127969,6.160986806458091,1
8.544236147462357,8.540411375727917,1
-9.420949019460789,-7.688773727993721,1
7.913825824204068,-5.654420553243373,0
-2.1486242307569796,4.857965841614426,1
7.56744990759988,-6.07998491438522,0
3.815695523130591,-4.2734090625310195,0
9.746975141479364,-6.665168397772748,0
5.1856490343333626,-6.546066276899014,0
-2.709107480064268,-0.3689329074358856,1
0.021263456695042038,-7.806338757740829,0
-2.4722168961129753,-3.5660476307275557,1
-2.7017632795752373,-1.4681218080224205,1
-4.781910012378805,-9.509037669520449,1
-0.08059409253060856,-2.2333366705109476,0
3.6347989013872244,-8.11755127828966,0
-4.4531945738951295,-0.12842937707646662,1
0.4875962215444005,6.514763771141926,1
-7.652394116588857,6.368443243635745,1
-6.803094262916174,-8.39102968925199,1
-9.063872905756226,2.024555153490404,1
9.414628855412658,6.69172763942473,0
-9.922792969794777,-5.2405491413072935,1
-6.428400638846874,5.238530228991982,1
2.2573350623398465,7.815286929001864,1
-8.372608022933894,6.122483028808883,1
7.637930061936647,-7.85397936968991,0
4.392403156845763,-9.818800009552302,0
9.327799428757867,-6.165517801563087,0
0.152710944815297,-4.590453181067535,0
-3.9919263368302556,2.323659812319189,1
0.990011455905428,-2.3145364951536322,0
8.616374345959464,4.06814061322947,0
0.4152287448372114,-2.9385007895678283,0
-4.6558593627536276,-6.9114915069079945,1
7.547975783482393,-3.746203130279298,0
-2.5616250297507737,7.686484527782699,1
-9.972333000020017,9.170646884901295,1
-5.046299550153681,-5.84974531865263,1
-3.6353298164587518,5.769367740488827,1
7.175549364638044,-4.533025269202586,0
-0.8299366586710999,7.742630868628151,1
-1.1082542437739846,-6.689087744074891,0
-3.2779546720022523,3.3191983738811377,1
7.613562460941591,-8.315774705736349,0
8.900535538807826,9.477866479477392,1
9.837806583092586,4.012666892810856,0
-2.4651746607802654,6.836314788101706,1
9.322948912543428,1.3333867872606913,0
5.837591392618027,-0.46397272142279533,1
3.513782952885336,2.437647827887302,1
-5.102210411598012,0.5748302339889619,1
-5.670854781115803,-0.61231289709694,1
-6.679043509575086,5.189005029152856,1
8.455132204507308,-6.435980901214638,0
-4.118466752336678,-6.57655903689683,1
-0.9381150910224321,-1.3631469870058766,1
-0.12084332025553124,-3.5850416791010797,0
5.563431909005082,-8.517509641739519,0
6.884699231060484,6.889409848374687,1
-7.218545977027744,5.432056133886995,1
-1.4619127957785256,0.8784299960596957,1
6.857097756709145,9.586490745287378,1
6.360666115116768,-8.547998669047894,0
-7.951724830951672,5.3333860205575,1
-6.87233302264074,-4.672592167818063,1
-3.916026168011843,-2.6280216011284914,1
-8.492818618333192,-5.614412295938649,1
-1.5067399431881423,5.780757829237304,1
-7.847645897008362,-7.11519795956868,1
1.3643518733969007,6.800333954705561,1
-5.068861203776878,3.231552964596677,1
1.9286613069924545,-8.819535094617706,0
-7.649487141927247,6.219634632003068,1
9.517677368370666,2.5551143232595876,0
8.651224077146807,8.099646391566829,1
-2.164061228706684,4.974446128172765,1
-5.156428117478291,1.2224185485954955,1
-4.992035742928545,6.730943612383953,1
-0.3321292959521589,-4.438995233975557,0
-9.20014396198566,0.9390012368912721,1
2.79410212150254,-4.127663603931797,0
-1.8339418332051043,9.364087821810173,1
-2.4518685482222535,-5.476073983159873,1
6.18729942978397,-9.68523520659075,0
4.180709203665799,-3.482903159924076,0
9.086676307853839,0.05018793939609267,0
-2.9612751900861856,-9.432741315398498,1
7.950855292988109,1.1849660006781466,0
5.399343725001778,7.4856554990246025,1
-2.8515069681057392,4.094643888333403,1
2.433308729065155,2.459366459566086,1
-4.2286008469660885,9.119235014165024,1
7.487998341496848,9.165586676842118,1
-7.7514536557537745,6.485329394064571,1
-5.75131277411918,2.154836947717021,1
-6.339334158401577,-0.2447088100458661,1
-1.939479951914226,-9.733677735070653,0
4.904659200642582,2.125238124530828,1
0.5381489810436069,9.781761507137073,1
-0.24647352923584975,6.362021000480581,1
-9.989080702060086,-3.1879071223129607,1
-1.4919654928989061,-6.959059499111559,0
-8.728924503276831,5.681172289343081,1
-5.834934957570324,4.87875641263483,1
8.647878779209886,9.34093583958646,1
-5.692035913135236,7.496847238786778,1
7.16675277268525,1.1132525054481484,1
6.057867431226683,-7.974315060705157,0
-6.817075261155143,-0.32998683232079884,1
2.114239145405577,-3.7260989195536602,0
-7.686762561899734,0.2481696404967959,1
4.557763167390229,-3.965968507206936,0
2.749245547444133,7.236459839511916,1
6.238771233820387,6.886540279656444,1
-0.41230901221623917,-3.6906968566588816,0
8.297261756667659,1.9916269274798992,0
-9.013021064231205,-1.3963828472189181,1
-4.142228699459707,8.181855140571265,1
4.301051949303341,-6.252781971473544,0
-1.6378157650399832,3.954568035699186,1
-6.540972914576873,9.40750655674433,1
-7.855785091429079,-6.4944896087381965,1
6.346782229232428,-5.9606714315159355,0
-0.5371404306871153,3.874466773444558,1
7.645673438382147,5.583078490498279,1
4.66578268633452,-0.1890189041213457,1
-1.8054758873851284,2.193729302942426,1
-2.5297797168863267,-5.746351823763424,1
0.3127669330250349,-0.46771542865347904,0
7.781199063794574,-7.758562382501697,0
4.7455715942833585,-3.571561494486706,0
-9.896940714619536,-4.304405899380914,1
3.883157027382511,-1.1074927979515987,1
8.390148138116412,8.60252724487394,1
4.2091151900898325,-6.374646757043152,0
-6.459884368650082,-1.97223506750559,1
-0.3296374514508251,2.3119443821928947,1
-7.193679641531611,8.931141721480035,1
-2.820094433207359,-7.337036169284636,1
8.742340838810353,8.35753233986227,1
8.466106151174166,-8.37892422731877,0
-4.343262956478342,-0.3851720567947119,1
-3.207379116676017,-0.908202655390344,1
2.0042573626258786,-5.807945422456089,0
9.2639459052076,-3.05080663768305,0
-7.043973318692192,-0.9166946330320371,1
-4.861667126266617,7.304229258212583,1
7.47113654581543,9.101282907471195,1
-0.16215536583310985,0.3785135727433051,1
7.979221844540632,7.401995805888436,1
-6.289642049536475,2.163431713535589,1
0.6533717494272135,-3.0182531602464913,0
-3.4746073470125527,-6.116115847730619,1
-3.6691488021504792,-1.7373045643447043,1
-1.0624607210760182,0.45648565847695544,1
-1.3384510179746307,-9.111132234808876,0
-2.8530624064409116,-7.083176682582986,1
8.29941540631237,2.0036884796287993,0
4.634883708657856,-5.499968106456759,0
4.550939826630593,6.74652752162595,1
-4.201731008160891,-3.461155004516188,1
1.5541884863368072,-7.9033158549349825,0
5.583588666036681,-8.32938822889366,0
5.911807370864262,8.742460410635594,1
-3.1093907849137548,-7.6395937751624166,1
5.417455131372957,-7.1818047167587995,0
4.717877936154659,7.2533211586550586,1
-7.169870287561995,-4.914237394453121,1
7.318909371329546,3.3190282150883217,1
-1.1735705963917837,6.334513740597828,1
-0.27179102222669016,2.143612802603842,1
-1.0326164220400535,9.149770868956988,1
1.3569200295501496,4.177657985216827,1
2.423384947341095,-7.744969801926834,0
-0.036408684741131125,1.1682005309175985,1
7.335770865181914,4.363730521783678,1
2.554695123905688,6.0391448074689045,1
-1.971441013889601,-9.47357329431817,0
-1.6661648618257807,4.377578305428489,1
6.216772302579027,6.513616420388992,1
-3.036161145069598,4.936676218707131,1
-5.770904084351729,0.24698291311196208,1
-8.812336239884216,-0.8395807382239422,1
7.520536958411483,0.9883716659963167,0
8.370929023806998,4.09287397653204,0
-7.597596356730481,8.45828581264971,1
-3.310525170077703,2.3407042128224997,1
-6.492558609695123,7.756686125669393,1
-7.682030623482405,4.025136948914547,1
7.997334860000606,-8.633272451223048,0
-8.86245481709289,0.016563800032436404,1
9.609713269380137,-4.270273033695153,0
-8.070982786052316,-4.296501437348555,1
7.269412983871714,-2.881448975680316,0
1.3301221397832546,-3.7053445599904844,0
-2.641650243642532,1.5721996023420033,1
-3.1531524674968425,3.6720300070711414,1
5.147282864754175,-4.625012258465291,0
-3.7085340999142558,-7.404747548632374,1
3.1463783323428363,-8.823825581310757,0
0.34652167032160186,1.5150569006110448,1
-0.3006870968385904,-6.277396673339952,0
8.02324341298323,-9.815040115526013,0
1.0929011724051918,8.555061586474082,1
6.537232060973899,0.7428083816648119,1
4.511470682029788,-8.151036395060544,0
-9.228855078820033,6.8584222425497074,1
5.4622010501083835,9.664054765802362,1
-5.662594998179187,-1.027986759645657,1
8.062992937031431,-9.150207835236836,0
-9.14151618782336,-7.64908118487873,1
-3.3385593105136246,-2.3669250670913566,1
-8.00534105530492,7.710452748977541,1
-0.4882176583031246,-7.039226414444759,0
6.400448717395037,6.479801880053909,1
-4.036252806738718,-9.700474795619611,1
-6.981302053779168,-0.8522260242837802,1
-3.3946592860620157,2.8879428190113625,1
6.277602838412719,-8.792410359488072,0
-7.192320844013063,2.295255012329733,1
-5.452751018449964,8.888082429391122,1
-8.62296071013252,-6.794801597268099,1
4.114200879792154,4.5922276607070565,1
-2.0953351292732636,2.181877958870867,1
-3.7832004571336793,-6.29767222241539,1
4.372527806823038,-9.875931705812679,0
-3.280449153194896,-9.81431098988146,1
4.55542546428836,0.6418481834405725,1
6.30398790628627,8.85558819122387,1
-5.6467431308452305,2.885972549312248,1
9.476373936919668,4.285996925874873,0
-6.752841041746665,-0.12269026158925733,1
-4.183181866865149,1.6377788526913957,1
-6.404094183329168,-7.47264949338793,1
-3.0898868728733113,7.536412408012616,1
-0.398782243584888,5.215852573336036,1
0.4435173800423815,9.963979056892192,1
7.07212084592544,-4.045541048887573,0
7.78895817631733,-5.459644564078843,0
-5.597922784381872,-7.496766840773141,1
2.4578806437150487,9.284195132320896,1
-7.770078854025688,5.617703692560472,1
-0.8206027963586333,-6.673507725607227,0
-3.5533292390676374,1.0537294221642775,1
-3.669985090927872,-1.7246358386544642,1
-0.3483151657579793,-6.970279843876144,0
4.596552710585351,-6.758540299400691,0
-8.61634682415221,9.269399894903714,1
7.583466753748091,-3.9007163408455554,0
4.696275492611221,8.828785833678864,1
-6.470012222218797,-8.487786538698312,1
8.783218181747408,-0.7839391541361884,0
0.12624448046777204,-7.407619029664798,0
9.996171562339306,-9.904252295176557,0
-6.054810513985247,1.0753214741215302,1
0.6981639676640263,-7.722117903772732,0
-4.195039148801431,4.440490618673593,1
-3.9165288522150687,3.962327514137991,1
1.8213076166798032,-6.4733418507102165,0
8.434381337416667,8.834842865310332,1
6.105277111583501,4.4208681686497915,1
4.478827970026519,-4.040594716861401,0
1.1834756420340433,4.1846752790158135,1
8.445970073348953,4.638605553630718,0
-0.15277186618231653,-3.1554733749807884,0
7.476643566694364,-2.4882287507708156,0
6.679632877532637,-2.8178698469339984,0
-5.723293063968269,2.3323688710414814,1
5.424509259318205,8.008202930803588,1
-9.756576861134825,-6.536135275428247,1
-3.54340924903825,7.503992196726369,1
-5.408651106161004,-9.44693686989315,1
0.13725916974626884,3.2067719195644493,1
4.737063233615711,-1.7112225362061153,1
-8.046472651045518,5.8256310446498745,1
0.2984440387353686,4.42396225861806,1
8.768240433887712,-0.397843857096321,0
-5.42706898034109,2.8772807344519347,1
3.5428228822284815,0.03546261399890405,1
